Annee,Nouvelles régions,Indicateur,Sexe,Classe d'âge,Estimation,IC 95%,Effectif Brut,ic_inf,ic_sup
2024,24,Episode dépressif caractérisé,Tous,Tous,13.7,"[ 11,9 - 15,7 ]",1477.0,11.9,15.7
2024,28,Episode dépressif caractérisé,Tous,Tous,14.4,"[ 12,7 - 16,4 ]",1668.0,12.7,16.4
2024,75,Episode dépressif caractérisé,Tous,Tous,16.1,"[ 14,6 - 17,7 ]",2568.0,14.6,17.7
2024,93,Episode dépressif caractérisé,Tous,Tous,15.8,"[ 14,2 - 17,5 ]",2145.0,14.2,17.5
2024,03,Episode dépressif caractérisé,Tous,Tous,14.0,"[ 11,4 - 17,1 ]",1291.0,11.4,17.1
2024,11,Episode dépressif caractérisé,Une femme,Tous,16.6,"[ 14,9 - 18,5 ]",2041.0,14.9,18.5
2024,28,Episode dépressif caractérisé,Un homme,Tous,12.9,"[ 10,5 - 15,7 ]",783.0,10.5,15.7
2024,44,Episode dépressif caractérisé,Une femme,Tous,18.1,"[ 15,7 - 20,6 ]",1254.0,15.7,20.6
2024,84,Episode dépressif caractérisé,Un homme,Tous,14.1,"[ 12,0 - 16,5 ]",1397.0,12.0,16.5
2024,84,Episode dépressif caractérisé,Une femme,Tous,19.2,"[ 17,1 - 21,3 ]",1633.0,17.1,21.3
2024,93,Episode dépressif caractérisé,Une femme,Tous,17.6,"[ 15,3 - 20,1 ]",1155.0,15.3,20.1
2024,94,Episode dépressif caractérisé,Un homme,Tous,11.0,"[ 8,5 - 13,9 ]",654.0,8.5,13.9
2024,11,Episode dépressif caractérisé,Tous,40-49 ans,14.7,"[ 12,1 - 17,6 ]",747.0,12.1,17.6
2024,11,Episode dépressif caractérisé,Tous,50-59 ans,14.3,"[ 11,5 - 17,4 ]",645.0,11.5,17.4
2024,11,Episode dépressif caractérisé,Tous,60-69 ans,8.1,"[ 5,7 - 11,2 ]",526.0,5.7,11.2
2024,27,Episode dépressif caractérisé,Tous,60-69 ans,9.3,"[ 5,8 - 14,0 ]",287.0,5.8,14.0
2024,27,Episode dépressif caractérisé,Tous,70-79 ans,7.2,"[ 3,9 - 11,8 ]",230.0,3.9,11.8
2024,44,Episode dépressif caractérisé,Tous,18-29 ans,21.8,"[ 17,6 - 26,5 ]",440.0,17.6,26.5
2024,44,Episode dépressif caractérisé,Tous,40-49 ans,14.2,"[ 10,8 - 18,1 ]",409.0,10.8,18.1
2024,44,Episode dépressif caractérisé,Tous,60-69 ans,13.0,"[ 9,7 - 17,1 ]",430.0,9.7,17.1
2024,44,Episode dépressif caractérisé,Tous,70-79 ans,9.7,"[ 5,9 - 14,9 ]",297.0,5.9,14.9
2024,53,Episode dépressif caractérisé,Tous,18-29 ans,22.7,"[ 17,6 - 28,3 ]",305.0,17.6,28.3
2024,53,Episode dépressif caractérisé,Tous,50-59 ans,15.7,"[ 11,9 - 20,2 ]",340.0,11.9,20.2
2024,53,Episode dépressif caractérisé,Tous,70-79 ans,6.9,"[ 4,1 - 10,8 ]",242.0,4.1,10.8
2024,75,Episode dépressif caractérisé,Tous,30-39 ans,21.8,"[ 17,3 - 26,8 ]",361.0,17.3,26.8
2024,76,Episode dépressif caractérisé,Tous,70-79 ans,9.8,"[ 6,4 - 14,3 ]",370.0,6.4,14.3
2024,84,Episode dépressif caractérisé,Tous,18-29 ans,23.1,"[ 19,2 - 27,3 ]",527.0,19.2,27.3
2024,84,Episode dépressif caractérisé,Tous,60-69 ans,8.4,"[ 6,0 - 11,5 ]",508.0,6.0,11.5
2024,84,Episode dépressif caractérisé,Tous,70-79 ans,9.7,"[ 6,2 - 14,3 ]",353.0,6.2,14.3
2024,93,Episode dépressif caractérisé,Tous,18-29 ans,20.6,"[ 16,2 - 25,5 ]",343.0,16.2,25.5
2024,93,Episode dépressif caractérisé,Tous,60-69 ans,13.5,"[ 10,0 - 17,6 ]",399.0,10.0,17.6
2024,94,Episode dépressif caractérisé,Tous,40-49 ans,14.2,"[ 10,1 - 19,3 ]",260.0,10.1,19.3
2024,94,Episode dépressif caractérisé,Tous,60-69 ans,12.5,"[ 8,8 - 16,9 ]",321.0,8.8,16.9
2024,01,Episode dépressif caractérisé,Tous,18-29 ans,15.7,"[ 10,5 - 22,0 ]",218.0,10.5,22.0
2024,01,Episode dépressif caractérisé,Tous,40-49 ans,20.9,"[ 14,2 - 29,1 ]",260.0,14.2,29.1
2024,01,Episode dépressif caractérisé,Tous,50-59 ans,14.7,"[ 8,9 - 22,4 ]",312.0,8.9,22.4
2024,01,Episode dépressif caractérisé,Tous,60-69 ans,17.1,"[ 11,0 - 24,6 ]",279.0,11.0,24.6
2024,02,Episode dépressif caractérisé,Tous,70-79 ans,6.9,"[ 1,8 - 17,2 ]",139.0,1.8,17.2
2024,03,Episode dépressif caractérisé,Tous,70-79 ans,1.1,"[ 0,0 - 5,8 ]",55.0,0.0,5.8
2024,04,Episode dépressif caractérisé,Tous,18-29 ans,19.4,"[ 13,9 - 25,9 ]",309.0,13.9,25.9
2024,04,Episode dépressif caractérisé,Tous,50-59 ans,18.0,"[ 12,5 - 24,8 ]",302.0,12.5,24.8
2024,04,Episode dépressif caractérisé,Tous,70-79 ans,10.7,"[ 5,3 - 18,6 ]",105.0,5.3,18.6
2024,11,Episode dépressif caractérisé,Un homme,70-79 ans,5.6,"[ 1,6 - 13,3 ]",143.0,1.6,13.3
2024,11,Episode dépressif caractérisé,Une femme,30-39 ans,16.4,"[ 12,5 - 20,8 ]",386.0,12.5,20.8
2024,11,Episode dépressif caractérisé,Une femme,60-69 ans,7.6,"[ 4,4 - 12,2 ]",271.0,4.4,12.2
2024,11,Episode dépressif caractérisé,Une femme,70-79 ans,11.2,"[ 6,1 - 18,2 ]",190.0,6.1,18.2
2024,24,Episode dépressif caractérisé,Un homme,60-69 ans,1.6,"[ 0,2 - 5,9 ]",122.0,0.2,5.9
2024,24,Episode dépressif caractérisé,Un homme,70-79 ans,6.6,"[ 2,4 - 14,0 ]",90.0,2.4,14.0
2024,24,Episode dépressif caractérisé,Une femme,50-59 ans,19.7,"[ 13,4 - 27,3 ]",152.0,13.4,27.3
2024,24,Episode dépressif caractérisé,Une femme,60-69 ans,10.7,"[ 6,1 - 17,0 ]",144.0,6.1,17.0
2024,27,Episode dépressif caractérisé,Un homme,18-29 ans,18.8,"[ 11,9 - 27,5 ]",121.0,11.9,27.5
2024,27,Episode dépressif caractérisé,Un homme,30-39 ans,12.8,"[ 6,5 - 22,0 ]",112.0,6.5,22.0
2024,27,Episode dépressif caractérisé,Un homme,50-59 ans,11.0,"[ 6,1 - 17,7 ]",135.0,6.1,17.7
2024,27,Episode dépressif caractérisé,Une femme,30-39 ans,19.9,"[ 12,8 - 28,7 ]",131.0,12.8,28.7
2024,28,Episode dépressif caractérisé,Une femme,18-29 ans,23.9,"[ 17,0 - 32,1 ]",148.0,17.0,32.1
2024,28,Episode dépressif caractérisé,Une femme,30-39 ans,16.1,"[ 9,6 - 24,5 ]",140.0,9.6,24.5
2024,28,Episode dépressif caractérisé,Une femme,40-49 ans,20.3,"[ 13,9 - 28,2 ]",148.0,13.9,28.2
2024,32,Episode dépressif caractérisé,Une femme,30-39 ans,15.7,"[ 11,0 - 21,4 ]",237.0,11.0,21.4
2024,44,Episode dépressif caractérisé,Un homme,40-49 ans,12.7,"[ 8,3 - 18,2 ]",202.0,8.3,18.2
2024,44,Episode dépressif caractérisé,Un homme,70-79 ans,7.1,"[ 2,9 - 14,0 ]",147.0,2.9,14.0
2024,44,Episode dépressif caractérisé,Une femme,18-29 ans,24.9,"[ 18,8 - 31,9 ]",232.0,18.8,31.9
2024,52,Episode dépressif caractérisé,Un homme,30-39 ans,11.6,"[ 7,1 - 17,6 ]",163.0,7.1,17.6
2024,52,Episode dépressif caractérisé,Un homme,40-49 ans,14.6,"[ 9,1 - 21,7 ]",170.0,9.1,21.7
2024,52,Episode dépressif caractérisé,Un homme,70-79 ans,6.8,"[ 2,9 - 13,2 ]",121.0,2.9,13.2
2024,52,Episode dépressif caractérisé,Une femme,18-29 ans,27.7,"[ 20,7 - 35,6 ]",196.0,20.7,35.6
2024,52,Episode dépressif caractérisé,Une femme,40-49 ans,18.4,"[ 13,2 - 24,6 ]",201.0,13.2,24.6
2024,52,Episode dépressif caractérisé,Une femme,50-59 ans,19.6,"[ 13,7 - 26,7 ]",168.0,13.7,26.7
2024,53,Episode dépressif caractérisé,Un homme,18-29 ans,17.6,"[ 11,3 - 25,5 ]",149.0,11.3,25.5
2024,53,Episode dépressif caractérisé,Un homme,70-79 ans,6.1,"[ 2,7 - 11,4 ]",117.0,2.7,11.4
2024,53,Episode dépressif caractérisé,Une femme,30-39 ans,20.1,"[ 13,5 - 28,1 ]",145.0,13.5,28.1
2024,75,Episode dépressif caractérisé,Un homme,60-69 ans,11.0,"[ 7,0 - 16,2 ]",217.0,7.0,16.2
2024,75,Episode dépressif caractérisé,Une femme,30-39 ans,24.2,"[ 17,7 - 31,6 ]",195.0,17.7,31.6
2024,75,Episode dépressif caractérisé,Une femme,50-59 ans,19.0,"[ 14,2 - 24,6 ]",274.0,14.2,24.6
2024,75,Episode dépressif caractérisé,Une femme,60-69 ans,13.5,"[ 9,7 - 18,3 ]",296.0,9.7,18.3
2024,84,Episode dépressif caractérisé,Un homme,50-59 ans,14.0,"[ 9,7 - 19,3 ]",261.0,9.7,19.3
2024,84,Episode dépressif caractérisé,Une femme,18-29 ans,29.4,"[ 23,7 - 35,6 ]",286.0,23.7,35.6
2024,84,Episode dépressif caractérisé,Une femme,30-39 ans,21.6,"[ 16,8 - 27,0 ]",282.0,16.8,27.0
2024,93,Episode dépressif caractérisé,Un homme,40-49 ans,14.4,"[ 9,0 - 21,4 ]",158.0,9.0,21.4
2024,93,Episode dépressif caractérisé,Un homme,60-69 ans,11.2,"[ 6,8 - 17,1 ]",198.0,6.8,17.1
2024,93,Episode dépressif caractérisé,Une femme,18-29 ans,20.5,"[ 14,7 - 27,4 ]",188.0,14.7,27.4
2024,93,Episode dépressif caractérisé,Une femme,50-59 ans,24.6,"[ 18,7 - 31,3 ]",218.0,18.7,31.3
2024,93,Episode dépressif caractérisé,Une femme,70-79 ans,9.5,"[ 4,8 - 16,4 ]",157.0,4.8,16.4
2024,94,Episode dépressif caractérisé,Un homme,18-29 ans,15.3,"[ 7,7 - 26,1 ]",72.0,7.7,26.1
2024,94,Episode dépressif caractérisé,Une femme,40-49 ans,19.3,"[ 12,9 - 27,2 ]",151.0,12.9,27.2
2024,94,Episode dépressif caractérisé,Une femme,70-79 ans,14.3,"[ 7,2 - 24,4 ]",105.0,7.2,24.4
2024,01,Episode dépressif caractérisé,Un homme,30-39 ans,10.9,"[ 4,4 - 21,3 ]",87.0,4.4,21.3
2024,01,Episode dépressif caractérisé,Un homme,40-49 ans,21.2,"[ 10,6 - 35,7 ]",95.0,10.6,35.7
2024,01,Episode dépressif caractérisé,Une femme,40-49 ans,20.8,"[ 12,5 - 31,3 ]",165.0,12.5,31.3
2024,02,Episode dépressif caractérisé,Une femme,18-29 ans,27.4,"[ 17,8 - 38,8 ]",115.0,17.8,38.8
2024,02,Episode dépressif caractérisé,Une femme,30-39 ans,22.5,"[ 14,4 - 32,4 ]",149.0,14.4,32.4
2024,02,Episode dépressif caractérisé,Une femme,40-49 ans,16.6,"[ 9,6 - 25,9 ]",146.0,9.6,25.9
2024,03,Episode dépressif caractérisé,Un homme,18-29 ans,14.2,"[ 6,2 - 26,4 ]",107.0,6.2,26.4
2024,03,Episode dépressif caractérisé,Un homme,30-39 ans,12.2,"[ 5,6 - 22,3 ]",111.0,5.6,22.3
2024,03,Episode dépressif caractérisé,Un homme,40-49 ans,9.2,"[ 3,9 - 18,0 ]",127.0,3.9,18.0
2024,03,Episode dépressif caractérisé,Un homme,70-79 ans,2.2,"[ 0,1 - 12,0 ]",34.0,0.1,12.0
2024,04,Episode dépressif caractérisé,Un homme,70-79 ans,10.5,"[ 3,2 - 23,8 ]",47.0,3.2,23.8
2024,04,Episode dépressif caractérisé,Une femme,70-79 ans,10.8,"[ 4,0 - 22,3 ]",58.0,4.0,22.3
2024,44,Episode dépressif caractérisé,Tous,Tous,15.8,"[ 14,3 - 17,5 ]",2389.0,14.3,17.5
2024,52,Episode dépressif caractérisé,Tous,Tous,13.8,"[ 12,2 - 15,5 ]",2019.0,12.2,15.5
2024,76,Episode dépressif caractérisé,Tous,Tous,17.7,"[ 16,1 - 19,4 ]",2565.0,16.1,19.4
2024,84,Episode dépressif caractérisé,Tous,Tous,16.7,"[ 15,2 - 18,3 ]",3030.0,15.2,18.3
2024,94,Episode dépressif caractérisé,Tous,Tous,15.5,"[ 13,4 - 17,8 ]",1457.0,13.4,17.8
2024,02,Episode dépressif caractérisé,Tous,Tous,12.4,"[ 10,3 - 14,8 ]",1352.0,10.3,14.8
2024,11,Episode dépressif caractérisé,Un homme,Tous,12.5,"[ 10,9 - 14,3 ]",1828.0,10.9,14.3
2024,24,Episode dépressif caractérisé,Un homme,Tous,9.5,"[ 7,2 - 12,2 ]",689.0,7.2,12.2
2024,24,Episode dépressif caractérisé,Une femme,Tous,17.7,"[ 14,9 - 20,8 ]",788.0,14.9,20.8
2024,27,Episode dépressif caractérisé,Une femme,Tous,17.0,"[ 14,3 - 20,1 ]",794.0,14.3,20.1
2024,28,Episode dépressif caractérisé,Une femme,Tous,15.9,"[ 13,4 - 18,6 ]",885.0,13.4,18.6
2024,32,Episode dépressif caractérisé,Un homme,Tous,13.0,"[ 11,0 - 15,2 ]",1208.0,11.0,15.2
2024,44,Episode dépressif caractérisé,Un homme,Tous,13.5,"[ 11,4 - 15,9 ]",1135.0,11.4,15.9
2024,52,Episode dépressif caractérisé,Un homme,Tous,11.0,"[ 9,0 - 13,3 ]",973.0,9.0,13.3
2024,75,Episode dépressif caractérisé,Une femme,Tous,18.5,"[ 16,3 - 20,9 ]",1383.0,16.3,20.9
2024,76,Episode dépressif caractérisé,Une femme,Tous,22.3,"[ 19,9 - 24,8 ]",1372.0,19.9,24.8
2024,93,Episode dépressif caractérisé,Un homme,Tous,13.7,"[ 11,5 - 16,2 ]",990.0,11.5,16.2
2024,01,Episode dépressif caractérisé,Un homme,Tous,11.4,"[ 8,2 - 15,3 ]",573.0,8.2,15.3
2024,01,Episode dépressif caractérisé,Une femme,Tous,20.5,"[ 16,8 - 24,7 ]",906.0,16.8,24.7
2024,02,Episode dépressif caractérisé,Une femme,Tous,14.3,"[ 11,6 - 17,4 ]",832.0,11.6,17.4
2024,04,Episode dépressif caractérisé,Un homme,Tous,14.7,"[ 11,3 - 18,7 ]",659.0,11.3,18.7
2024,24,Episode dépressif caractérisé,Tous,18-29 ans,21.0,"[ 15,8 - 27,0 ]",238.0,15.8,27.0
2024,24,Episode dépressif caractérisé,Tous,30-39 ans,16.3,"[ 11,3 - 22,4 ]",233.0,11.3,22.4
2024,24,Episode dépressif caractérisé,Tous,40-49 ans,18.3,"[ 13,1 - 24,6 ]",263.0,13.1,24.6
2024,24,Episode dépressif caractérisé,Tous,50-59 ans,12.5,"[ 8,8 - 17,1 ]",282.0,8.8,17.1
2024,24,Episode dépressif caractérisé,Tous,60-69 ans,6.4,"[ 3,8 - 10,0 ]",266.0,3.8,10.0
2024,24,Episode dépressif caractérisé,Tous,70-79 ans,8.1,"[ 4,4 - 13,3 ]",195.0,4.4,13.3
2024,27,Episode dépressif caractérisé,Tous,40-49 ans,14.0,"[ 10,2 - 18,6 ]",287.0,10.2,18.6
2024,28,Episode dépressif caractérisé,Tous,18-29 ans,19.8,"[ 15,1 - 25,2 ]",287.0,15.1,25.2
2024,28,Episode dépressif caractérisé,Tous,30-39 ans,18.2,"[ 13,1 - 24,2 ]",253.0,13.1,24.2
2024,28,Episode dépressif caractérisé,Tous,40-49 ans,17.6,"[ 13,1 - 22,8 ]",277.0,13.1,22.8
2024,28,Episode dépressif caractérisé,Tous,50-59 ans,15.4,"[ 11,4 - 20,2 ]",342.0,11.4,20.2
2024,52,Episode dépressif caractérisé,Tous,70-79 ans,6.0,"[ 3,3 - 9,9 ]",239.0,3.3,9.9
2024,53,Episode dépressif caractérisé,Tous,30-39 ans,14.5,"[ 10,4 - 19,4 ]",272.0,10.4,19.4
2024,53,Episode dépressif caractérisé,Tous,60-69 ans,10.1,"[ 6,9 - 14,1 ]",349.0,6.9,14.1
2024,75,Episode dépressif caractérisé,Tous,50-59 ans,16.3,"[ 12,9 - 20,1 ]",507.0,12.9,20.1
2024,75,Episode dépressif caractérisé,Tous,70-79 ans,8.1,"[ 5,1 - 12,2 ]",361.0,5.1,12.2
2024,76,Episode dépressif caractérisé,Tous,18-29 ans,22.2,"[ 17,9 - 27,1 ]",411.0,17.9,27.1
2024,76,Episode dépressif caractérisé,Tous,30-39 ans,20.7,"[ 16,6 - 25,4 ]",412.0,16.6,25.4
2024,76,Episode dépressif caractérisé,Tous,40-49 ans,22.6,"[ 18,4 - 27,4 ]",411.0,18.4,27.4
2024,76,Episode dépressif caractérisé,Tous,50-59 ans,19.1,"[ 15,4 - 23,3 ]",473.0,15.4,23.3
2024,84,Episode dépressif caractérisé,Tous,30-39 ans,18.9,"[ 15,4 - 22,7 ]",536.0,15.4,22.7
2024,84,Episode dépressif caractérisé,Tous,40-49 ans,19.3,"[ 15,3 - 23,8 ]",540.0,15.3,23.8
2024,84,Episode dépressif caractérisé,Tous,50-59 ans,18.1,"[ 14,8 - 21,9 ]",566.0,14.8,21.9
2024,93,Episode dépressif caractérisé,Tous,30-39 ans,15.3,"[ 11,5 - 19,7 ]",347.0,11.5,19.7
2024,93,Episode dépressif caractérisé,Tous,50-59 ans,19.4,"[ 15,4 - 23,9 ]",414.0,15.4,23.9
2024,94,Episode dépressif caractérisé,Tous,70-79 ans,10.2,"[ 6,1 - 15,9 ]",205.0,6.1,15.9
2024,01,Episode dépressif caractérisé,Tous,30-39 ans,17.2,"[ 12,0 - 23,6 ]",251.0,12.0,23.6
2024,01,Episode dépressif caractérisé,Tous,70-79 ans,13.7,"[ 7,7 - 21,9 ]",159.0,7.7,21.9
2024,02,Episode dépressif caractérisé,Tous,18-29 ans,20.7,"[ 14,0 - 28,9 ]",184.0,14.0,28.9
2024,02,Episode dépressif caractérisé,Tous,30-39 ans,20.7,"[ 14,3 - 28,3 ]",221.0,14.3,28.3
2024,02,Episode dépressif caractérisé,Tous,40-49 ans,15.4,"[ 9,9 - 22,3 ]",236.0,9.9,22.3
2024,02,Episode dépressif caractérisé,Tous,50-59 ans,9.0,"[ 5,9 - 12,9 ]",284.0,5.9,12.9
2024,03,Episode dépressif caractérisé,Tous,18-29 ans,18.8,"[ 12,5 - 26,7 ]",282.0,12.5,26.7
2024,03,Episode dépressif caractérisé,Tous,30-39 ans,12.8,"[ 8,6 - 18,3 ]",293.0,8.6,18.3
2024,03,Episode dépressif caractérisé,Tous,40-49 ans,14.2,"[ 8,4 - 22,0 ]",285.0,8.4,22.0
2024,04,Episode dépressif caractérisé,Tous,30-39 ans,19.9,"[ 14,1 - 26,8 ]",299.0,14.1,26.8
2024,04,Episode dépressif caractérisé,Tous,40-49 ans,23.2,"[ 16,9 - 30,5 ]",299.0,16.9,30.5
2024,11,Episode dépressif caractérisé,Un homme,18-29 ans,18.8,"[ 14,6 - 23,5 ]",415.0,14.6,23.5
2024,11,Episode dépressif caractérisé,Un homme,40-49 ans,11.1,"[ 8,0 - 14,9 ]",373.0,8.0,14.9
2024,11,Episode dépressif caractérisé,Une femme,40-49 ans,18.1,"[ 14,0 - 22,7 ]",374.0,14.0,22.7
2024,11,Episode dépressif caractérisé,Une femme,50-59 ans,16.1,"[ 12,1 - 20,9 ]",329.0,12.1,20.9
2024,24,Episode dépressif caractérisé,Un homme,18-29 ans,14.3,"[ 8,5 - 22,2 ]",115.0,8.5,22.2
2024,24,Episode dépressif caractérisé,Un homme,40-49 ans,15.2,"[ 8,2 - 25,0 ]",134.0,8.2,25.0
2024,24,Episode dépressif caractérisé,Un homme,50-59 ans,5.1,"[ 2,0 - 10,3 ]",130.0,2.0,10.3
2024,27,Episode dépressif caractérisé,Un homme,40-49 ans,9.9,"[ 5,4 - 16,2 ]",130.0,5.4,16.2
2024,27,Episode dépressif caractérisé,Un homme,60-69 ans,9.7,"[ 4,2 - 18,4 ]",139.0,4.2,18.4
2024,27,Episode dépressif caractérisé,Un homme,70-79 ans,7.0,"[ 2,9 - 13,8 ]",118.0,2.9,13.8
2024,27,Episode dépressif caractérisé,Une femme,40-49 ans,18.0,"[ 12,1 - 25,2 ]",157.0,12.1,25.2
2024,27,Episode dépressif caractérisé,Une femme,50-59 ans,23.0,"[ 15,8 - 31,6 ]",147.0,15.8,31.6
2024,28,Episode dépressif caractérisé,Un homme,50-59 ans,16.2,"[ 10,4 - 23,6 ]",171.0,10.4,23.6
2024,28,Episode dépressif caractérisé,Un homme,60-69 ans,5.3,"[ 2,1 - 10,8 ]",127.0,2.1,10.8
2024,28,Episode dépressif caractérisé,Un homme,70-79 ans,3.5,"[ 0,7 - 9,9 ]",104.0,0.7,9.9
2024,28,Episode dépressif caractérisé,Une femme,50-59 ans,14.7,"[ 9,5 - 21,4 ]",171.0,9.5,21.4
2024,28,Episode dépressif caractérisé,Une femme,70-79 ans,7.5,"[ 3,4 - 13,8 ]",127.0,3.4,13.8
2024,32,Episode dépressif caractérisé,Un homme,18-29 ans,11.2,"[ 7,4 - 16,1 ]",256.0,7.4,16.1
2024,32,Episode dépressif caractérisé,Un homme,50-59 ans,21.3,"[ 15,7 - 27,9 ]",214.0,15.7,27.9
2024,32,Episode dépressif caractérisé,Un homme,60-69 ans,8.0,"[ 4,5 - 13,0 ]",222.0,4.5,13.0
2024,32,Episode dépressif caractérisé,Une femme,18-29 ans,30.8,"[ 24,8 - 37,4 ]",272.0,24.8,37.4
2024,32,Episode dépressif caractérisé,Une femme,60-69 ans,14.4,"[ 9,4 - 20,9 ]",198.0,9.4,20.9
2024,44,Episode dépressif caractérisé,Un homme,18-29 ans,18.7,"[ 13,1 - 25,5 ]",208.0,13.1,25.5
2024,44,Episode dépressif caractérisé,Un homme,50-59 ans,14.9,"[ 10,1 - 20,8 ]",216.0,10.1,20.8
2024,44,Episode dépressif caractérisé,Une femme,60-69 ans,15.4,"[ 10,3 - 21,7 ]",217.0,10.3,21.7
2024,44,Episode dépressif caractérisé,Une femme,70-79 ans,12.0,"[ 6,2 - 20,2 ]",150.0,6.2,20.2
2024,52,Episode dépressif caractérisé,Une femme,30-39 ans,17.2,"[ 11,8 - 23,9 ]",184.0,11.8,23.9
2024,52,Episode dépressif caractérisé,Une femme,70-79 ans,5.4,"[ 2,1 - 11,1 ]",118.0,2.1,11.1
2024,53,Episode dépressif caractérisé,Une femme,40-49 ans,18.6,"[ 12,8 - 25,6 ]",162.0,12.8,25.6
2024,53,Episode dépressif caractérisé,Une femme,50-59 ans,17.9,"[ 12,7 - 24,3 ]",190.0,12.7,24.3
2024,53,Episode dépressif caractérisé,Une femme,60-69 ans,11.0,"[ 6,7 - 16,6 ]",187.0,6.7,16.6
2024,53,Episode dépressif caractérisé,Une femme,70-79 ans,7.6,"[ 3,6 - 13,7 ]",125.0,3.6,13.7
2024,75,Episode dépressif caractérisé,Un homme,30-39 ans,19.2,"[ 13,2 - 26,5 ]",166.0,13.2,26.5
2024,75,Episode dépressif caractérisé,Un homme,40-49 ans,14.0,"[ 9,2 - 20,0 ]",198.0,9.2,20.0
2024,76,Episode dépressif caractérisé,Un homme,40-49 ans,18.3,"[ 12,5 - 25,5 ]",190.0,12.5,25.5
2024,76,Episode dépressif caractérisé,Une femme,30-39 ans,26.4,"[ 20,3 - 33,3 ]",217.0,20.3,33.3
2024,76,Episode dépressif caractérisé,Une femme,40-49 ans,26.7,"[ 20,7 - 33,4 ]",221.0,20.7,33.4
2024,76,Episode dépressif caractérisé,Une femme,50-59 ans,23.0,"[ 17,7 - 29,1 ]",260.0,17.7,29.1
2024,84,Episode dépressif caractérisé,Un homme,40-49 ans,18.6,"[ 12,3 - 26,5 ]",245.0,12.3,26.5
2024,84,Episode dépressif caractérisé,Un homme,60-69 ans,6.9,"[ 3,7 - 11,5 ]",230.0,3.7,11.5
2024,84,Episode dépressif caractérisé,Un homme,70-79 ans,10.5,"[ 5,2 - 18,4 ]",166.0,5.2,18.4
2024,84,Episode dépressif caractérisé,Une femme,50-59 ans,22.2,"[ 17,2 - 27,8 ]",305.0,17.2,27.8
2024,84,Episode dépressif caractérisé,Une femme,70-79 ans,9.0,"[ 4,8 - 15,2 ]",187.0,4.8,15.2
2024,93,Episode dépressif caractérisé,Un homme,30-39 ans,15.5,"[ 10,0 - 22,4 ]",164.0,10.0,22.4
2024,93,Episode dépressif caractérisé,Un homme,50-59 ans,13.7,"[ 8,8 - 20,0 ]",196.0,8.8,20.0
2024,93,Episode dépressif caractérisé,Une femme,30-39 ans,15.1,"[ 10,2 - 21,2 ]",183.0,10.2,21.2
2024,93,Episode dépressif caractérisé,Une femme,60-69 ans,15.4,"[ 10,4 - 21,7 ]",201.0,10.4,21.7
2024,94,Episode dépressif caractérisé,Un homme,70-79 ans,5.6,"[ 2,1 - 12,0 ]",100.0,2.1,12.0
2024,94,Episode dépressif caractérisé,Une femme,30-39 ans,16.9,"[ 10,5 - 25,0 ]",121.0,10.5,25.0
2024,94,Episode dépressif caractérisé,Une femme,60-69 ans,14.6,"[ 9,5 - 21,1 ]",180.0,9.5,21.1
2024,01,Episode dépressif caractérisé,Un homme,18-29 ans,6.5,"[ 2,6 - 12,9 ]",88.0,2.6,12.9
2024,01,Episode dépressif caractérisé,Un homme,50-59 ans,6.5,"[ 2,2 - 14,4 ]",124.0,2.2,14.4
2024,01,Episode dépressif caractérisé,Un homme,70-79 ans,11.2,"[ 3,5 - 24,9 ]",66.0,3.5,24.9
2024,01,Episode dépressif caractérisé,Une femme,60-69 ans,19.7,"[ 11,3 - 30,8 ]",166.0,11.3,30.8
2024,01,Episode dépressif caractérisé,Une femme,70-79 ans,15.5,"[ 7,5 - 27,3 ]",93.0,7.5,27.3
2024,02,Episode dépressif caractérisé,Un homme,30-39 ans,18.1,"[ 8,6 - 31,7 ]",72.0,8.6,31.7
2024,02,Episode dépressif caractérisé,Un homme,40-49 ans,13.6,"[ 5,7 - 25,9 ]",90.0,5.7,25.9
2024,02,Episode dépressif caractérisé,Un homme,50-59 ans,7.2,"[ 3,2 - 13,8 ]",113.0,3.2,13.8
2024,02,Episode dépressif caractérisé,Une femme,50-59 ans,10.4,"[ 6,2 - 16,0 ]",171.0,6.2,16.0
2024,02,Episode dépressif caractérisé,Une femme,60-69 ans,10.0,"[ 4,9 - 17,7 ]",182.0,4.9,17.7
2024,03,Episode dépressif caractérisé,Une femme,30-39 ans,13.3,"[ 8,1 - 20,2 ]",182.0,8.1,20.2
2024,03,Episode dépressif caractérisé,Une femme,50-59 ans,12.3,"[ 5,7 - 22,4 ]",123.0,5.7,22.4
2024,03,Episode dépressif caractérisé,Une femme,70-79 ans,-30.0,"[ SD,0 - SD,0 ]",21.0,,
2024,04,Episode dépressif caractérisé,Un homme,30-39 ans,20.7,"[ 10,7 - 34,3 ]",107.0,10.7,34.3
2024,04,Episode dépressif caractérisé,Un homme,50-59 ans,14.2,"[ 7,2 - 24,2 ]",144.0,7.2,24.2
2024,04,Episode dépressif caractérisé,Une femme,30-39 ans,19.3,"[ 13,1 - 26,8 ]",192.0,13.1,26.8
2024,11,Episode dépressif caractérisé,Tous,Tous,14.7,"[ 13,5 - 15,9 ]",3869.0,13.5,15.9
2024,27,Episode dépressif caractérisé,Tous,Tous,14.4,"[ 12,5 - 16,4 ]",1549.0,12.5,16.4
2024,32,Episode dépressif caractérisé,Tous,Tous,16.3,"[ 14,8 - 17,9 ]",2526.0,14.8,17.9
2024,53,Episode dépressif caractérisé,Tous,Tous,14.5,"[ 12,8 - 16,3 ]",1852.0,12.8,16.3
2024,01,Episode dépressif caractérisé,Tous,Tous,16.5,"[ 13,9 - 19,3 ]",1479.0,13.9,19.3
2024,04,Episode dépressif caractérisé,Tous,Tous,18.3,"[ 15,8 - 21,0 ]",1559.0,15.8,21.0
2024,27,Episode dépressif caractérisé,Un homme,Tous,11.7,"[ 9,2 - 14,5 ]",755.0,9.2,14.5
2024,32,Episode dépressif caractérisé,Une femme,Tous,19.5,"[ 17,2 - 21,9 ]",1318.0,17.2,21.9
2024,52,Episode dépressif caractérisé,Une femme,Tous,16.5,"[ 14,1 - 19,0 ]",1046.0,14.1,19.0
2024,53,Episode dépressif caractérisé,Un homme,Tous,11.8,"[ 9,6 - 14,2 ]",887.0,9.6,14.2
2024,53,Episode dépressif caractérisé,Une femme,Tous,17.1,"[ 14,6 - 19,7 ]",965.0,14.6,19.7
2024,75,Episode dépressif caractérisé,Un homme,Tous,13.5,"[ 11,5 - 15,8 ]",1185.0,11.5,15.8
2024,76,Episode dépressif caractérisé,Un homme,Tous,12.9,"[ 10,7 - 15,3 ]",1193.0,10.7,15.3
2024,94,Episode dépressif caractérisé,Une femme,Tous,19.7,"[ 16,4 - 23,4 ]",803.0,16.4,23.4
2024,02,Episode dépressif caractérisé,Un homme,Tous,10.1,"[ 7,0 - 14,1 ]",520.0,7.0,14.1
2024,03,Episode dépressif caractérisé,Un homme,Tous,10.9,"[ 7,5 - 15,2 ]",548.0,7.5,15.2
2024,03,Episode dépressif caractérisé,Une femme,Tous,16.6,"[ 12,7 - 21,1 ]",743.0,12.7,21.1
2024,04,Episode dépressif caractérisé,Une femme,Tous,21.4,"[ 17,9 - 25,3 ]",900.0,17.9,25.3
2024,11,Episode dépressif caractérisé,Tous,18-29 ans,21.8,"[ 18,8 - 24,9 ]",906.0,18.8,24.9
2024,11,Episode dépressif caractérisé,Tous,30-39 ans,14.6,"[ 12,0 - 17,7 ]",712.0,12.0,17.7
2024,11,Episode dépressif caractérisé,Tous,70-79 ans,8.7,"[ 5,2 - 13,5 ]",333.0,5.2,13.5
2024,27,Episode dépressif caractérisé,Tous,18-29 ans,22.1,"[ 16,4 - 28,7 ]",220.0,16.4,28.7
2024,27,Episode dépressif caractérisé,Tous,30-39 ans,16.4,"[ 11,5 - 22,4 ]",243.0,11.5,22.4
2024,27,Episode dépressif caractérisé,Tous,50-59 ans,17.1,"[ 12,5 - 22,4 ]",282.0,12.5,22.4
2024,28,Episode dépressif caractérisé,Tous,60-69 ans,9.2,"[ 5,9 - 13,3 ]",278.0,5.9,13.3
2024,28,Episode dépressif caractérisé,Tous,70-79 ans,5.7,"[ 2,9 - 9,8 ]",231.0,2.9,9.8
2024,32,Episode dépressif caractérisé,Tous,18-29 ans,21.0,"[ 17,3 - 25,1 ]",528.0,17.3,25.1
2024,32,Episode dépressif caractérisé,Tous,30-39 ans,14.1,"[ 10,8 - 18,0 ]",436.0,10.8,18.0
2024,32,Episode dépressif caractérisé,Tous,40-49 ans,18.0,"[ 14,3 - 22,2 ]",422.0,14.3,22.2
2024,32,Episode dépressif caractérisé,Tous,50-59 ans,19.8,"[ 16,1 - 24,0 ]",453.0,16.1,24.0
2024,32,Episode dépressif caractérisé,Tous,60-69 ans,11.4,"[ 8,2 - 15,4 ]",420.0,8.2,15.4
2024,32,Episode dépressif caractérisé,Tous,70-79 ans,11.0,"[ 7,3 - 15,7 ]",267.0,7.3,15.7
2024,44,Episode dépressif caractérisé,Tous,30-39 ans,17.9,"[ 13,7 - 22,6 ]",345.0,13.7,22.6
2024,44,Episode dépressif caractérisé,Tous,50-59 ans,16.7,"[ 13,2 - 20,8 ]",468.0,13.2,20.8
2024,52,Episode dépressif caractérisé,Tous,18-29 ans,21.1,"[ 16,6 - 26,2 ]",371.0,16.6,26.2
2024,52,Episode dépressif caractérisé,Tous,30-39 ans,14.5,"[ 10,8 - 18,8 ]",347.0,10.8,18.8
2024,52,Episode dépressif caractérisé,Tous,40-49 ans,16.5,"[ 12,6 - 21,0 ]",371.0,12.6,21.0
2024,52,Episode dépressif caractérisé,Tous,50-59 ans,13.7,"[ 10,2 - 18,0 ]",352.0,10.2,18.0
2024,52,Episode dépressif caractérisé,Tous,60-69 ans,8.7,"[ 5,8 - 12,5 ]",339.0,5.8,12.5
2024,53,Episode dépressif caractérisé,Tous,40-49 ans,16.3,"[ 12,4 - 20,7 ]",344.0,12.4,20.7
2024,75,Episode dépressif caractérisé,Tous,18-29 ans,20.6,"[ 16,3 - 25,5 ]",390.0,16.3,25.5
2024,75,Episode dépressif caractérisé,Tous,40-49 ans,18.1,"[ 14,3 - 22,3 ]",436.0,14.3,22.3
2024,75,Episode dépressif caractérisé,Tous,60-69 ans,12.3,"[ 9,5 - 15,7 ]",513.0,9.5,15.7
2024,76,Episode dépressif caractérisé,Tous,60-69 ans,11.0,"[ 7,9 - 14,8 ]",488.0,7.9,14.8
2024,93,Episode dépressif caractérisé,Tous,40-49 ans,17.1,"[ 13,1 - 21,8 ]",366.0,13.1,21.8
2024,93,Episode dépressif caractérisé,Tous,70-79 ans,7.7,"[ 4,6 - 12,1 ]",276.0,4.6,12.1
2024,94,Episode dépressif caractérisé,Tous,18-29 ans,23.3,"[ 15,2 - 33,0 ]",167.0,15.2,33.0
2024,94,Episode dépressif caractérisé,Tous,30-39 ans,13.2,"[ 8,8 - 18,7 ]",215.0,8.8,18.7
2024,94,Episode dépressif caractérisé,Tous,50-59 ans,19.8,"[ 15,1 - 25,3 ]",289.0,15.1,25.3
2024,02,Episode dépressif caractérisé,Tous,60-69 ans,7.1,"[ 3,9 - 11,9 ]",288.0,3.9,11.9
2024,03,Episode dépressif caractérisé,Tous,50-59 ans,11.6,"[ 6,6 - 18,4 ]",223.0,6.6,18.4
2024,03,Episode dépressif caractérisé,Tous,60-69 ans,13.7,"[ 6,8 - 23,9 ]",153.0,6.8,23.9
2024,04,Episode dépressif caractérisé,Tous,60-69 ans,14.5,"[ 8,9 - 21,7 ]",245.0,8.9,21.7
2024,11,Episode dépressif caractérisé,Un homme,30-39 ans,12.8,"[ 9,2 - 17,2 ]",326.0,9.2,17.2
2024,11,Episode dépressif caractérisé,Un homme,50-59 ans,12.3,"[ 8,7 - 16,7 ]",316.0,8.7,16.7
2024,11,Episode dépressif caractérisé,Un homme,60-69 ans,8.8,"[ 5,3 - 13,4 ]",255.0,5.3,13.4
2024,11,Episode dépressif caractérisé,Une femme,18-29 ans,24.7,"[ 20,6 - 29,2 ]",491.0,20.6,29.2
2024,24,Episode dépressif caractérisé,Un homme,30-39 ans,14.8,"[ 8,0 - 24,2 ]",98.0,8.0,24.2
2024,24,Episode dépressif caractérisé,Une femme,18-29 ans,27.9,"[ 19,7 - 37,3 ]",123.0,19.7,37.3
2024,24,Episode dépressif caractérisé,Une femme,30-39 ans,17.7,"[ 10,8 - 26,5 ]",135.0,10.8,26.5
2024,24,Episode dépressif caractérisé,Une femme,40-49 ans,21.3,"[ 13,9 - 30,3 ]",129.0,13.9,30.3
2024,24,Episode dépressif caractérisé,Une femme,70-79 ans,9.4,"[ 4,1 - 17,7 ]",105.0,4.1,17.7
2024,27,Episode dépressif caractérisé,Une femme,18-29 ans,25.6,"[ 16,7 - 36,3 ]",99.0,16.7,36.3
2024,27,Episode dépressif caractérisé,Une femme,60-69 ans,8.9,"[ 5,0 - 14,4 ]",148.0,5.0,14.4
2024,27,Episode dépressif caractérisé,Une femme,70-79 ans,7.3,"[ 2,9 - 14,7 ]",112.0,2.9,14.7
2024,28,Episode dépressif caractérisé,Un homme,18-29 ans,15.8,"[ 9,8 - 23,5 ]",139.0,9.8,23.5
2024,28,Episode dépressif caractérisé,Un homme,30-39 ans,20.3,"[ 12,7 - 29,7 ]",113.0,12.7,29.7
2024,28,Episode dépressif caractérisé,Un homme,40-49 ans,14.7,"[ 8,8 - 22,5 ]",129.0,8.8,22.5
2024,28,Episode dépressif caractérisé,Une femme,60-69 ans,12.6,"[ 7,6 - 19,4 ]",151.0,7.6,19.4
2024,32,Episode dépressif caractérisé,Un homme,30-39 ans,12.6,"[ 8,1 - 18,3 ]",199.0,8.1,18.3
2024,32,Episode dépressif caractérisé,Un homme,40-49 ans,14.2,"[ 9,4 - 20,2 ]",197.0,9.4,20.2
2024,32,Episode dépressif caractérisé,Un homme,70-79 ans,8.3,"[ 3,9 - 15,3 ]",120.0,3.9,15.3
2024,32,Episode dépressif caractérisé,Une femme,40-49 ans,21.6,"[ 16,2 - 27,9 ]",225.0,16.2,27.9
2024,32,Episode dépressif caractérisé,Une femme,50-59 ans,18.4,"[ 13,6 - 24,0 ]",239.0,13.6,24.0
2024,32,Episode dépressif caractérisé,Une femme,70-79 ans,13.1,"[ 7,8 - 20,2 ]",147.0,7.8,20.2
2024,44,Episode dépressif caractérisé,Un homme,30-39 ans,14.9,"[ 9,4 - 21,8 ]",149.0,9.4,21.8
2024,44,Episode dépressif caractérisé,Un homme,60-69 ans,10.5,"[ 6,5 - 16,0 ]",213.0,6.5,16.0
2024,44,Episode dépressif caractérisé,Une femme,30-39 ans,20.8,"[ 14,9 - 27,8 ]",196.0,14.9,27.8
2024,44,Episode dépressif caractérisé,Une femme,40-49 ans,15.7,"[ 10,7 - 21,7 ]",207.0,10.7,21.7
2024,44,Episode dépressif caractérisé,Une femme,50-59 ans,18.6,"[ 13,6 - 24,4 ]",252.0,13.6,24.4
2024,52,Episode dépressif caractérisé,Un homme,18-29 ans,14.8,"[ 9,7 - 21,3 ]",175.0,9.7,21.3
2024,52,Episode dépressif caractérisé,Un homme,50-59 ans,7.9,"[ 4,3 - 13,0 ]",184.0,4.3,13.0
2024,52,Episode dépressif caractérisé,Un homme,60-69 ans,8.8,"[ 4,6 - 14,9 ]",160.0,4.6,14.9
2024,52,Episode dépressif caractérisé,Une femme,60-69 ans,8.7,"[ 4,9 - 13,9 ]",179.0,4.9,13.9
2024,53,Episode dépressif caractérisé,Un homme,30-39 ans,8.7,"[ 4,6 - 14,7 ]",127.0,4.6,14.7
2024,53,Episode dépressif caractérisé,Un homme,40-49 ans,13.9,"[ 9,2 - 20,0 ]",182.0,9.2,20.0
2024,53,Episode dépressif caractérisé,Un homme,50-59 ans,13.4,"[ 8,2 - 20,3 ]",150.0,8.2,20.3
2024,53,Episode dépressif caractérisé,Un homme,60-69 ans,9.1,"[ 4,6 - 15,7 ]",162.0,4.6,15.7
2024,53,Episode dépressif caractérisé,Une femme,18-29 ans,27.9,"[ 20,4 - 36,5 ]",156.0,20.4,36.5
2024,75,Episode dépressif caractérisé,Un homme,18-29 ans,17.3,"[ 11,7 - 24,2 ]",187.0,11.7,24.2
2024,75,Episode dépressif caractérisé,Un homme,50-59 ans,13.4,"[ 9,0 - 19,0 ]",233.0,9.0,19.0
2024,75,Episode dépressif caractérisé,Un homme,70-79 ans,5.9,"[ 2,8 - 10,8 ]",184.0,2.8,10.8
2024,75,Episode dépressif caractérisé,Une femme,18-29 ans,24.0,"[ 17,7 - 31,3 ]",203.0,17.7,31.3
2024,75,Episode dépressif caractérisé,Une femme,40-49 ans,22.0,"[ 16,5 - 28,4 ]",238.0,16.5,28.4
2024,75,Episode dépressif caractérisé,Une femme,70-79 ans,10.0,"[ 5,3 - 16,6 ]",177.0,5.3,16.6
2024,76,Episode dépressif caractérisé,Un homme,18-29 ans,11.6,"[ 7,3 - 17,3 ]",204.0,7.3,17.3
2024,76,Episode dépressif caractérisé,Un homme,30-39 ans,14.8,"[ 9,6 - 21,3 ]",195.0,9.6,21.3
2024,76,Episode dépressif caractérisé,Un homme,50-59 ans,15.0,"[ 10,1 - 21,2 ]",213.0,10.1,21.2
2024,76,Episode dépressif caractérisé,Un homme,60-69 ans,7.9,"[ 3,5 - 15,1 ]",215.0,3.5,15.1
2024,76,Episode dépressif caractérisé,Un homme,70-79 ans,8.9,"[ 3,7 - 17,3 ]",176.0,3.7,17.3
2024,76,Episode dépressif caractérisé,Une femme,18-29 ans,32.8,"[ 25,8 - 40,4 ]",207.0,25.8,40.4
2024,76,Episode dépressif caractérisé,Une femme,60-69 ans,13.7,"[ 9,8 - 18,5 ]",273.0,9.8,18.5
2024,76,Episode dépressif caractérisé,Une femme,70-79 ans,10.6,"[ 6,5 - 16,2 ]",194.0,6.5,16.2
2024,84,Episode dépressif caractérisé,Un homme,18-29 ans,16.8,"[ 11,9 - 22,8 ]",241.0,11.9,22.8
2024,84,Episode dépressif caractérisé,Un homme,30-39 ans,16.0,"[ 11,2 - 21,9 ]",254.0,11.2,21.9
2024,84,Episode dépressif caractérisé,Une femme,40-49 ans,19.9,"[ 15,2 - 25,3 ]",295.0,15.2,25.3
2024,84,Episode dépressif caractérisé,Une femme,60-69 ans,9.9,"[ 6,4 - 14,4 ]",278.0,6.4,14.4
2024,93,Episode dépressif caractérisé,Un homme,18-29 ans,20.6,"[ 14,3 - 28,3 ]",155.0,14.3,28.3
2024,93,Episode dépressif caractérisé,Un homme,70-79 ans,5.5,"[ 2,1 - 11,5 ]",119.0,2.1,11.5
2024,93,Episode dépressif caractérisé,Une femme,40-49 ans,19.6,"[ 14,0 - 26,3 ]",208.0,14.0,26.3
2024,94,Episode dépressif caractérisé,Un homme,30-39 ans,9.1,"[ 4,0 - 17,2 ]",94.0,4.0,17.2
2024,94,Episode dépressif caractérisé,Un homme,40-49 ans,8.8,"[ 4,0 - 16,2 ]",109.0,4.0,16.2
2024,94,Episode dépressif caractérisé,Un homme,50-59 ans,16.3,"[ 9,9 - 24,6 ]",138.0,9.9,24.6
2024,94,Episode dépressif caractérisé,Un homme,60-69 ans,10.1,"[ 5,4 - 16,9 ]",141.0,5.4,16.9
2024,94,Episode dépressif caractérisé,Une femme,18-29 ans,31.0,"[ 18,1 - 46,4 ]",95.0,18.1,46.4
2024,94,Episode dépressif caractérisé,Une femme,50-59 ans,23.2,"[ 16,6 - 31,0 ]",151.0,16.6,31.0
2024,01,Episode dépressif caractérisé,Un homme,60-69 ans,14.1,"[ 6,4 - 25,6 ]",113.0,6.4,25.6
2024,01,Episode dépressif caractérisé,Une femme,18-29 ans,24.2,"[ 15,5 - 34,7 ]",130.0,15.5,34.7
2024,01,Episode dépressif caractérisé,Une femme,30-39 ans,21.6,"[ 14,5 - 30,3 ]",164.0,14.5,30.3
2024,01,Episode dépressif caractérisé,Une femme,50-59 ans,21.1,"[ 11,9 - 33,0 ]",188.0,11.9,33.0
2024,02,Episode dépressif caractérisé,Un homme,18-29 ans,13.9,"[ 5,7 - 26,8 ]",69.0,5.7,26.8
2024,02,Episode dépressif caractérisé,Un homme,60-69 ans,3.7,"[ 0,9 - 10,1 ]",106.0,0.9,10.1
2024,02,Episode dépressif caractérisé,Un homme,70-79 ans,10.4,"[ 1,4 - 32,1 ]",70.0,1.4,32.1
2024,02,Episode dépressif caractérisé,Une femme,70-79 ans,3.9,"[ 0,9 - 10,6 ]",69.0,0.9,10.6
2024,03,Episode dépressif caractérisé,Un homme,50-59 ans,10.7,"[ 4,1 - 21,6 ]",100.0,4.1,21.6
2024,03,Episode dépressif caractérisé,Un homme,60-69 ans,7.6,"[ 1,4 - 22,0 ]",69.0,1.4,22.0
2024,03,Episode dépressif caractérisé,Une femme,18-29 ans,22.5,"[ 13,4 - 34,1 ]",175.0,13.4,34.1
2024,03,Episode dépressif caractérisé,Une femme,40-49 ans,18.2,"[ 9,2 - 30,7 ]",158.0,9.2,30.7
2024,03,Episode dépressif caractérisé,Une femme,60-69 ans,19.7,"[ 8,6 - 35,7 ]",84.0,8.6,35.7
2024,04,Episode dépressif caractérisé,Un homme,18-29 ans,9.0,"[ 4,5 - 15,8 ]",132.0,4.5,15.8
2024,04,Episode dépressif caractérisé,Un homme,40-49 ans,15.9,"[ 9,4 - 24,5 ]",126.0,9.4,24.5
2024,04,Episode dépressif caractérisé,Un homme,60-69 ans,16.9,"[ 7,8 - 30,1 ]",103.0,7.8,30.1
2024,04,Episode dépressif caractérisé,Une femme,18-29 ans,28.8,"[ 19,9 - 39,1 ]",177.0,19.9,39.1
2024,04,Episode dépressif caractérisé,Une femme,40-49 ans,29.2,"[ 19,7 - 40,3 ]",173.0,19.7,40.3
2024,04,Episode dépressif caractérisé,Une femme,50-59 ans,21.6,"[ 13,6 - 31,6 ]",158.0,13.6,31.6
2024,04,Episode dépressif caractérisé,Une femme,60-69 ans,12.4,"[ 6,5 - 20,7 ]",142.0,6.5,20.7
