Indicateur,Sexe,Classe d'âge,Nouvelles régions,PCS ,Diplôme,Type de ménage ,Situation professionnelle,Situation financière perçue ,Estimation,IC 95%,Effectif Brut,Différence avec les autres régions,Année,ic_inf,ic_sup,Chapitre
Trouble anxieux généralisé,Tous,18-29 ans,Tous,Tous,Tous,Tous,Tous,Tous,8.1,"[ 7,3 - 9 ]",5811.0,,2024,7.3,9.0,Trouble anxieux généralisé
Trouble anxieux généralisé,Tous,60-69 ans,Tous,Tous,Tous,Tous,Tous,Tous,3.8,"[ 3,3 - 4,5 ]",5951.0,,2024,3.3,4.5,Trouble anxieux généralisé
Trouble anxieux généralisé,Tous,70-79 ans,Tous,Tous,Tous,Tous,Tous,Tous,2.9,"[ 2,3 - 3,7 ]",3952.0,,2024,2.3,3.7,Trouble anxieux généralisé
Trouble anxieux généralisé,Hommes,70-79 ans,Tous,Tous,Tous,Tous,Tous,Tous,2.5,"[ 1,6 - 3,7 ]",1888.0,,2024,1.6,3.7,Trouble anxieux généralisé
Trouble anxieux généralisé,Femmes,Tous,Tous,Tous,Tous,Tous,Tous,Tous,7.6,"[ 7,2 - 8,1 ]",18156.0,,2024,7.2,8.1,Trouble anxieux généralisé
Trouble anxieux généralisé,Femmes,30-39 ans,Tous,Tous,Tous,Tous,Tous,Tous,8.6,"[ 7,4 - 9,8 ]",3125.0,,2024,7.4,9.8,Trouble anxieux généralisé
Trouble anxieux généralisé,Femmes,50-59 ans,Tous,Tous,Tous,Tous,Tous,Tous,8.2,"[ 7,2 - 9,5 ]",3393.0,,2024,7.2,9.5,Trouble anxieux généralisé
Trouble anxieux généralisé,Femmes,70-79 ans,Tous,Tous,Tous,Tous,Tous,Tous,3.2,"[ 2,4 - 4,3 ]",2064.0,,2024,2.4,4.3,Trouble anxieux généralisé
Trouble anxieux généralisé,Tous,Tous,Tous,Tous,Supérieur au Bac,Tous,Tous,Tous,6.8,"[ 6,4 - 7,4 ]",14273.0,,2024,6.4,7.4,Trouble anxieux généralisé
Trouble anxieux généralisé,Hommes,Tous,Tous,Tous,Bac,Tous,Tous,Tous,4.9,"[ 4,2 - 5,8 ]",3678.0,,2024,4.2,5.8,Trouble anxieux généralisé
Trouble anxieux généralisé,Femmes,Tous,Tous,Tous,Aucun diplôme ou inférieur au Bac,Tous,Tous,Tous,6.1,"[ 5,3 - 6,9 ]",5783.0,,2024,5.3,6.9,Trouble anxieux généralisé
Trouble anxieux généralisé,Femmes,Tous,Tous,Tous,Supérieur au Bac,Tous,Tous,Tous,8.5,"[ 7,8 - 9,3 ]",8042.0,,2024,7.8,9.3,Trouble anxieux généralisé
Trouble anxieux généralisé,Tous,Tous,Tous,Employés,Tous,Tous,Tous,Tous,7.2,"[ 6,6 - 7,9 ]",8417.0,,2024,6.6,7.9,Trouble anxieux généralisé
Trouble anxieux généralisé,Tous,Tous,Tous,Ouvriers,Tous,Tous,Tous,Tous,5.8,"[ 5,0 - 6,5 ]",5188.0,,2024,5.0,6.5,Trouble anxieux généralisé
Trouble anxieux généralisé,Hommes,Tous,Tous,"Agriculteurs, artisans, commerçants, chefs d’entreprise",Tous,Tous,Tous,Tous,4.6,"[ 3,5 - 6 ]",1603.0,,2024,3.5,6.0,Trouble anxieux généralisé
Trouble anxieux généralisé,Hommes,Tous,Tous,Cadres et professions intellectuelles supérieures,Tous,Tous,Tous,Tous,4.4,"[ 3,7 - 5,2 ]",3773.0,,2024,3.7,5.2,Trouble anxieux généralisé
Trouble anxieux généralisé,Hommes,Tous,Tous,Professions intermédiaires,Tous,Tous,Tous,Tous,4.6,"[ 3,8 - 5,5 ]",3694.0,,2024,3.8,5.5,Trouble anxieux généralisé
Trouble anxieux généralisé,Femmes,Tous,Tous,"Agriculteurs, artisans, commerçants, chefs d’entreprise",Tous,Tous,Tous,Tous,5.3,"[ 3,8 - 7,2 ]",883.0,,2024,3.8,7.2,Trouble anxieux généralisé
Trouble anxieux généralisé,Femmes,Tous,Tous,Cadres et professions intellectuelles supérieures,Tous,Tous,Tous,Tous,7.3,"[ 6,2 - 8,5 ]",2918.0,,2024,6.2,8.5,Trouble anxieux généralisé
Trouble anxieux généralisé,Femmes,Tous,Tous,Professions intermédiaires,Tous,Tous,Tous,Tous,7.6,"[ 6,7 - 8,5 ]",5064.0,,2024,6.7,8.5,Trouble anxieux généralisé
Trouble anxieux généralisé,Tous,Tous,Tous,Tous,Tous,Tous,Tous,"C’est juste, il faut faire attention",6.2,"[ 5,7 - 6,7 ]",11540.0,,2024,5.7,6.7,Trouble anxieux généralisé
Trouble anxieux généralisé,Hommes,Tous,Tous,Tous,Tous,Tous,Tous,"C’est juste, il faut faire attention",4.6,"[ 4,0 - 5,4 ]",5225.0,,2024,4.0,5.4,Trouble anxieux généralisé
Trouble anxieux généralisé,Hommes,Tous,Tous,Tous,Tous,Tous,Tous,Vous y arrivez difficilement ou vous ne pouvez pas y arriver sans faire de dette,11.0,"[ 9,4 - 12,7 ]",2294.0,,2024,9.4,12.7,Trouble anxieux généralisé
Trouble anxieux généralisé,Hommes,Tous,Tous,Tous,Tous,Tous,Tous,Ça va,3.2,"[ 2,7 - 3,8 ]",5710.0,,2024,2.7,3.8,Trouble anxieux généralisé
Trouble anxieux généralisé,Hommes,Tous,Tous,Tous,Tous,Tous,Autres inactifs,Tous,10.1,"[ 8,1 - 12,5 ]",1073.0,,2024,8.1,12.5,Trouble anxieux généralisé
Trouble anxieux généralisé,Hommes,Tous,Tous,Tous,Tous,Tous,Retraite,Tous,2.7,"[ 2,1 - 3,4 ]",3919.0,,2024,2.1,3.4,Trouble anxieux généralisé
Trouble anxieux généralisé,Femmes,Tous,Tous,Tous,Tous,Tous,Travail,Tous,7.2,"[ 6,6 - 7,9 ]",9309.0,,2024,6.6,7.9,Trouble anxieux généralisé
Trouble anxieux généralisé,Tous,Tous,Tous,Tous,Tous,Ménage d'une seule personne,Tous,Tous,8.0,"[ 7,2 - 8,8 ]",7384.0,,2024,7.2,8.8,Trouble anxieux généralisé
Trouble anxieux généralisé,Hommes,Tous,Tous,Tous,Tous,Autres,Tous,Tous,4.6,"[ 3,4 - 5,9 ]",1728.0,,2024,3.4,5.9,Trouble anxieux généralisé
Trouble anxieux généralisé,Hommes,Tous,Tous,Tous,Tous,Ménage d'une seule personne,Tous,Tous,6.4,"[ 5,5 - 7,5 ]",3442.0,,2024,5.5,7.5,Trouble anxieux généralisé
Trouble anxieux généralisé,Femmes,Tous,Tous,Tous,Tous,Ménage d'une seule personne,Tous,Tous,9.5,"[ 8,4 - 10,7 ]",3942.0,,2024,8.4,10.7,Trouble anxieux généralisé
Trouble anxieux généralisé,Tous,Tous,Auvergne-Rhône-Alpes,Tous,Tous,Tous,Tous,Tous,6.4,"[ 5,5 - 7,5 ]",2957.0,Pas de différence significative,2024,5.5,7.5,Trouble anxieux généralisé
Trouble anxieux généralisé,Tous,Tous,Bourgogne-Franche-Comté,Tous,Tous,Tous,Tous,Tous,6.2,"[ 4,9 - 7,8 ]",1521.0,Pas de différence significative,2024,4.9,7.8,Trouble anxieux généralisé
Trouble anxieux généralisé,Tous,Tous,Hauts-de-France,Tous,Tous,Tous,Tous,Tous,7.0,"[ 5,9 - 8,1 ]",2449.0,Pas de différence significative,2024,5.9,8.1,Trouble anxieux généralisé
Trouble anxieux généralisé,Tous,Tous,Occitanie,Tous,Tous,Tous,Tous,Tous,6.2,"[ 5,2 - 7,3 ]",2499.0,Pas de différence significative,2024,5.2,7.3,Trouble anxieux généralisé
Trouble anxieux généralisé,Tous,Tous,Réunion,Tous,Tous,Tous,Tous,Tous,8.1,"[ 6,4 - 10,1 ]",1509.0,Supérieure,2024,6.4,10.1,Trouble anxieux généralisé
Trouble anxieux généralisé,Tous,Tous,Tous,Tous,Tous,Tous,Tous,Tous,6.3,"[ 6,0 - 6,6 ]",33739.0,,2024,6.0,6.6,Trouble anxieux généralisé
Trouble anxieux généralisé,Tous,30-39 ans,Tous,Tous,Tous,Tous,Tous,Tous,7.1,"[ 6,3 - 7,9 ]",5603.0,,2024,6.3,7.9,Trouble anxieux généralisé
Trouble anxieux généralisé,Tous,40-49 ans,Tous,Tous,Tous,Tous,Tous,Tous,7.3,"[ 6,6 - 8,2 ]",6053.0,,2024,6.6,8.2,Trouble anxieux généralisé
Trouble anxieux généralisé,Hommes,Tous,Tous,Tous,Tous,Tous,Tous,Tous,4.8,"[ 4,4 - 5,2 ]",15583.0,,2024,4.4,5.2,Trouble anxieux généralisé
Trouble anxieux généralisé,Hommes,18-29 ans,Tous,Tous,Tous,Tous,Tous,Tous,5.1,"[ 4,1 - 6,2 ]",2709.0,,2024,4.1,6.2,Trouble anxieux généralisé
Trouble anxieux généralisé,Hommes,30-39 ans,Tous,Tous,Tous,Tous,Tous,Tous,5.6,"[ 4,6 - 6,7 ]",2478.0,,2024,4.6,6.7,Trouble anxieux généralisé
Trouble anxieux généralisé,Hommes,40-49 ans,Tous,Tous,Tous,Tous,Tous,Tous,5.4,"[ 4,4 - 6,4 ]",2785.0,,2024,4.4,6.4,Trouble anxieux généralisé
Trouble anxieux généralisé,Hommes,60-69 ans,Tous,Tous,Tous,Tous,Tous,Tous,3.2,"[ 2,5 - 4 ]",2747.0,,2024,2.5,4.0,Trouble anxieux généralisé
Trouble anxieux généralisé,Femmes,18-29 ans,Tous,Tous,Tous,Tous,Tous,Tous,11.2,"[ 9,9 - 12,6 ]",3102.0,,2024,9.9,12.6,Trouble anxieux généralisé
Trouble anxieux généralisé,Femmes,40-49 ans,Tous,Tous,Tous,Tous,Tous,Tous,9.2,"[ 8,1 - 10,5 ]",3268.0,,2024,8.1,10.5,Trouble anxieux généralisé
Trouble anxieux généralisé,Tous,Tous,Tous,Tous,Bac,Tous,Tous,Tous,7.1,"[ 6,4 - 7,8 ]",8009.0,,2024,6.4,7.8,Trouble anxieux généralisé
Trouble anxieux généralisé,Hommes,Tous,Tous,Tous,Aucun diplôme ou inférieur au Bac,Tous,Tous,Tous,4.7,"[ 4,1 - 5,4 ]",5674.0,,2024,4.1,5.4,Trouble anxieux généralisé
Trouble anxieux généralisé,Femmes,Tous,Tous,Tous,Bac,Tous,Tous,Tous,9.1,"[ 8,1 - 10,1 ]",4331.0,,2024,8.1,10.1,Trouble anxieux généralisé
Trouble anxieux généralisé,Tous,Tous,Tous,Professions intermédiaires,Tous,Tous,Tous,Tous,6.2,"[ 5,6 - 6,9 ]",8758.0,,2024,5.6,6.9,Trouble anxieux généralisé
Trouble anxieux généralisé,Femmes,Tous,Tous,Employés,Tous,Tous,Tous,Tous,7.6,"[ 6,9 - 8,4 ]",6714.0,,2024,6.9,8.4,Trouble anxieux généralisé
Trouble anxieux généralisé,Tous,Tous,Tous,Tous,Tous,Tous,Tous,Vous y arrivez difficilement ou vous ne pouvez pas y arriver sans faire de dette,12.9,"[ 11,8 - 14,1 ]",5337.0,,2024,11.8,14.1,Trouble anxieux généralisé
Trouble anxieux généralisé,Tous,Tous,Tous,Tous,Tous,Tous,Tous,Vous êtes à l’aise,3.6,"[ 3,1 - 4,2 ]",4733.0,,2024,3.1,4.2,Trouble anxieux généralisé
Trouble anxieux généralisé,Tous,Tous,Tous,Tous,Tous,Tous,Tous,Ça va,4.4,"[ 4,0 - 4,8 ]",12129.0,,2024,4.0,4.8,Trouble anxieux généralisé
Trouble anxieux généralisé,Femmes,Tous,Tous,Tous,Tous,Tous,Tous,Vous y arrivez difficilement ou vous ne pouvez pas y arriver sans faire de dette,14.7,"[ 13,1 - 16,4 ]",3043.0,,2024,13.1,16.4,Trouble anxieux généralisé
Trouble anxieux généralisé,Femmes,Tous,Tous,Tous,Tous,Tous,Tous,Ça va,5.5,"[ 4,9 - 6,1 ]",6419.0,,2024,4.9,6.1,Trouble anxieux généralisé
Trouble anxieux généralisé,Tous,Tous,Tous,Tous,Tous,Tous,Autres inactifs,Tous,11.3,"[ 9,8 - 12,8 ]",2869.0,,2024,9.8,12.8,Trouble anxieux généralisé
Trouble anxieux généralisé,Tous,Tous,Tous,Tous,Tous,Tous,Chômage,Tous,11.0,"[ 9,5 - 12,6 ]",2623.0,,2024,9.5,12.6,Trouble anxieux généralisé
Trouble anxieux généralisé,Tous,Tous,Tous,Tous,Tous,Tous,Retraite,Tous,3.3,"[ 2,9 - 3,8 ]",8176.0,,2024,2.9,3.8,Trouble anxieux généralisé
Trouble anxieux généralisé,Hommes,Tous,Tous,Tous,Tous,Tous,Etudes,Tous,4.9,"[ 3,6 - 6,6 ]",1028.0,,2024,3.6,6.6,Trouble anxieux généralisé
Trouble anxieux généralisé,Femmes,Tous,Tous,Tous,Tous,Tous,Autres inactifs,Tous,12.0,"[ 10,0 - 14,1 ]",1796.0,,2024,10.0,14.1,Trouble anxieux généralisé
Trouble anxieux généralisé,Femmes,Tous,Tous,Tous,Tous,Tous,Chômage,Tous,13.6,"[ 11,4 - 16,1 ]",1450.0,,2024,11.4,16.1,Trouble anxieux généralisé
Trouble anxieux généralisé,Femmes,Tous,Tous,Tous,Tous,Tous,Etudes,Tous,11.9,"[ 10,0 - 14,1 ]",1344.0,,2024,10.0,14.1,Trouble anxieux généralisé
Trouble anxieux généralisé,Tous,Tous,Tous,Tous,Tous,Autres,Tous,Tous,6.5,"[ 5,5 - 7,5 ]",3521.0,,2024,5.5,7.5,Trouble anxieux généralisé
Trouble anxieux généralisé,Tous,Tous,Tous,Tous,Tous,Couple avec enfant(s),Tous,Tous,5.4,"[ 4,9 - 5,9 ]",9048.0,,2024,4.9,5.9,Trouble anxieux généralisé
Trouble anxieux généralisé,Hommes,Tous,Tous,Tous,Tous,Couple avec enfant(s),Tous,Tous,4.1,"[ 3,4 - 4,8 ]",4254.0,,2024,3.4,4.8,Trouble anxieux généralisé
Trouble anxieux généralisé,Hommes,Tous,Tous,Tous,Tous,Couple sans enfant,Tous,Tous,3.7,"[ 3,1 - 4,4 ]",4710.0,,2024,3.1,4.4,Trouble anxieux généralisé
Trouble anxieux généralisé,Hommes,Tous,Tous,Tous,Tous,Famille monoparentale,Tous,Tous,7.2,"[ 5,6 - 9 ]",1449.0,,2024,5.6,9.0,Trouble anxieux généralisé
Trouble anxieux généralisé,Femmes,Tous,Tous,Tous,Tous,Autres,Tous,Tous,8.6,"[ 7,1 - 10,3 ]",1793.0,,2024,7.1,10.3,Trouble anxieux généralisé
Trouble anxieux généralisé,Femmes,Tous,Tous,Tous,Tous,Couple avec enfant(s),Tous,Tous,6.7,"[ 5,9 - 7,5 ]",4794.0,,2024,5.9,7.5,Trouble anxieux généralisé
Trouble anxieux généralisé,Femmes,Tous,Tous,Tous,Tous,Couple sans enfant,Tous,Tous,5.4,"[ 4,7 - 6,1 ]",5037.0,,2024,4.7,6.1,Trouble anxieux généralisé
Trouble anxieux généralisé,Femmes,Tous,Tous,Tous,Tous,Famille monoparentale,Tous,Tous,10.8,"[ 9,3 - 12,5 ]",2590.0,,2024,9.3,12.5,Trouble anxieux généralisé
Trouble anxieux généralisé,Tous,Tous,Centre-Val de Loire,Tous,Tous,Tous,Tous,Tous,6.5,"[ 5,3 - 8 ]",1429.0,Pas de différence significative,2024,5.3,8.0,Trouble anxieux généralisé
Trouble anxieux généralisé,Tous,Tous,Corse,Tous,Tous,Tous,Tous,Tous,6.3,"[ 5,0 - 7,7 ]",1395.0,Pas de différence significative,2024,5.0,7.7,Trouble anxieux généralisé
Trouble anxieux généralisé,Tous,Tous,Guadeloupe,Tous,Tous,Tous,Tous,Tous,4.7,"[ 3,4 - 6,4 ]",1430.0,Pas de différence significative,2024,3.4,6.4,Trouble anxieux généralisé
Trouble anxieux généralisé,Tous,Tous,Guyane,Tous,Tous,Tous,Tous,Tous,5.5,"[ 3,7 - 7,7 ]",1245.0,Pas de différence significative,2024,3.7,7.7,Trouble anxieux généralisé
Trouble anxieux généralisé,Tous,Tous,Ile-de-France,Tous,Tous,Tous,Tous,Tous,6.2,"[ 5,3 - 7,1 ]",3735.0,Pas de différence significative,2024,5.3,7.1,Trouble anxieux généralisé
Trouble anxieux généralisé,Tous,Tous,Nouvelle-Aquitaine,Tous,Tous,Tous,Tous,Tous,5.9,"[ 5,0 - 7 ]",2499.0,Pas de différence significative,2024,5.0,7.0,Trouble anxieux généralisé
Trouble anxieux généralisé,Tous,Tous,Pays de la Loire,Tous,Tous,Tous,Tous,Tous,5.8,"[ 4,7 - 7 ]",1952.0,Pas de différence significative,2024,4.7,7.0,Trouble anxieux généralisé
Trouble anxieux généralisé,Tous,50-59 ans,Tous,Tous,Tous,Tous,Tous,Tous,7.3,"[ 6,6 - 8,1 ]",6369.0,,2024,6.6,8.1,Trouble anxieux généralisé
Trouble anxieux généralisé,Hommes,50-59 ans,Tous,Tous,Tous,Tous,Tous,Tous,6.4,"[ 5,4 - 7,5 ]",2976.0,,2024,5.4,7.5,Trouble anxieux généralisé
Trouble anxieux généralisé,Femmes,60-69 ans,Tous,Tous,Tous,Tous,Tous,Tous,4.5,"[ 3,6 - 5,5 ]",3204.0,,2024,3.6,5.5,Trouble anxieux généralisé
Trouble anxieux généralisé,Tous,Tous,Tous,Tous,Aucun diplôme ou inférieur au Bac,Tous,Tous,Tous,5.4,"[ 4,9 - 5,9 ]",11457.0,,2024,4.9,5.9,Trouble anxieux généralisé
Trouble anxieux généralisé,Hommes,Tous,Tous,Tous,Supérieur au Bac,Tous,Tous,Tous,4.9,"[ 4,3 - 5,6 ]",6231.0,,2024,4.3,5.6,Trouble anxieux généralisé
Trouble anxieux généralisé,Tous,Tous,Tous,"Agriculteurs, artisans, commerçants, chefs d’entreprise",Tous,Tous,Tous,Tous,4.9,"[ 3,9 - 6 ]",2486.0,,2024,3.9,6.0,Trouble anxieux généralisé
Trouble anxieux généralisé,Tous,Tous,Tous,Cadres et professions intellectuelles supérieures,Tous,Tous,Tous,Tous,5.6,"[ 5,0 - 6,3 ]",6691.0,,2024,5.0,6.3,Trouble anxieux généralisé
Trouble anxieux généralisé,Hommes,Tous,Tous,Employés,Tous,Tous,Tous,Tous,5.7,"[ 4,5 - 7,1 ]",1703.0,,2024,4.5,7.1,Trouble anxieux généralisé
Trouble anxieux généralisé,Hommes,Tous,Tous,Ouvriers,Tous,Tous,Tous,Tous,4.9,"[ 4,2 - 5,8 ]",3981.0,,2024,4.2,5.8,Trouble anxieux généralisé
Trouble anxieux généralisé,Femmes,Tous,Tous,Ouvriers,Tous,Tous,Tous,Tous,8.5,"[ 6,8 - 10,5 ]",1207.0,,2024,6.8,10.5,Trouble anxieux généralisé
Trouble anxieux généralisé,Hommes,Tous,Tous,Tous,Tous,Tous,Tous,Vous êtes à l’aise,2.6,"[ 1,9 - 3,4 ]",2354.0,,2024,1.9,3.4,Trouble anxieux généralisé
Trouble anxieux généralisé,Femmes,Tous,Tous,Tous,Tous,Tous,Tous,"C’est juste, il faut faire attention",7.6,"[ 6,8 - 8,5 ]",6315.0,,2024,6.8,8.5,Trouble anxieux généralisé
Trouble anxieux généralisé,Femmes,Tous,Tous,Tous,Tous,Tous,Tous,Vous êtes à l’aise,4.7,"[ 3,8 - 5,7 ]",2379.0,,2024,3.8,5.7,Trouble anxieux généralisé
Trouble anxieux généralisé,Tous,Tous,Tous,Tous,Tous,Tous,Etudes,Tous,8.7,"[ 7,5 - 10,1 ]",2372.0,,2024,7.5,10.1,Trouble anxieux généralisé
Trouble anxieux généralisé,Tous,Tous,Tous,Tous,Tous,Tous,Travail,Tous,5.9,"[ 5,5 - 6,3 ]",17699.0,,2024,5.5,6.3,Trouble anxieux généralisé
Trouble anxieux généralisé,Hommes,Tous,Tous,Tous,Tous,Tous,Chômage,Tous,8.5,"[ 6,6 - 10,7 ]",1173.0,,2024,6.6,10.7,Trouble anxieux généralisé
Trouble anxieux généralisé,Hommes,Tous,Tous,Tous,Tous,Tous,Travail,Tous,4.6,"[ 4,1 - 5,1 ]",8390.0,,2024,4.1,5.1,Trouble anxieux généralisé
Trouble anxieux généralisé,Femmes,Tous,Tous,Tous,Tous,Tous,Retraite,Tous,3.9,"[ 3,2 - 4,7 ]",4257.0,,2024,3.2,4.7,Trouble anxieux généralisé
Trouble anxieux généralisé,Tous,Tous,Tous,Tous,Tous,Couple sans enfant,Tous,Tous,4.6,"[ 4,1 - 5,1 ]",9747.0,,2024,4.1,5.1,Trouble anxieux généralisé
Trouble anxieux généralisé,Tous,Tous,Tous,Tous,Tous,Famille monoparentale,Tous,Tous,9.4,"[ 8,2 - 10,6 ]",4039.0,,2024,8.2,10.6,Trouble anxieux généralisé
Trouble anxieux généralisé,Tous,Tous,Bretagne,Tous,Tous,Tous,Tous,Tous,5.1,"[ 4,1 - 6,3 ]",1799.0,Pas de différence significative,2024,4.1,6.3,Trouble anxieux généralisé
Trouble anxieux généralisé,Tous,Tous,Grand Est,Tous,Tous,Tous,Tous,Tous,7.2,"[ 6,0 - 8,4 ]",2308.0,Pas de différence significative,2024,6.0,8.4,Trouble anxieux généralisé
Trouble anxieux généralisé,Tous,Tous,Martinique,Tous,Tous,Tous,Tous,Tous,2.7,"[ 1,8 - 3,8 ]",1305.0,Inférieure,2024,1.8,3.8,Trouble anxieux généralisé
Trouble anxieux généralisé,Tous,Tous,Normandie,Tous,Tous,Tous,Tous,Tous,5.9,"[ 4,7 - 7,3 ]",1629.0,Pas de différence significative,2024,4.7,7.3,Trouble anxieux généralisé
Trouble anxieux généralisé,Tous,Tous,Provence-Alpes-Côte d'Azur,Tous,Tous,Tous,Tous,Tous,6.4,"[ 5,3 - 7,6 ]",2078.0,Pas de différence significative,2024,5.3,7.6,Trouble anxieux généralisé
